39,31194395,31000000
39,31551844834,47125000
39,31635588538,61609375
39,31719332227,74908203
39,31754894612,80419677
39,31797340053,80117217
39,31826019377,79102564
39,31866170468,77839743
39,31897144163,76984775
39,31935000900,75986678
39,31967121773,79113343
39,32013008728,83724175
39,32046276795,87133653
39,32096752441,92366946
39,32139197884,96571077
39,32177063246,100874692
39,32382398775,103640355
39,32461553786,100560310
39,32544150293,98365271
39,32626746834,96319612
39,32708196184,104779660
39,32791939885,112307202
39,33023669087,108518801
39,33105118424,105203950
39,33186567813,102178456
39,33270311523,99906149
39,33584637261,106292880
39,33669528154,103631270
39,33753271868,101177361
39,33820955127,96905190
39,33886344085,101417041
39,33956321716,105739910
39,34040065419,111772421
39,34118081913,118050868
39,34358981704,123294509
39,34642723206,143382695
39,35085162194,145959858
39,35184917152,140089875
39,35266368708,132828640
39,35358145070,127725060
39,35446479849,134259427
39,35537109010,139851998
39,35623149369,144495498
39,35625443792,137433560
39,35710336949,131129365
39,35712631358,125613194
39,35821615818,123786544
39,35911106423,133188226
39,36092356171,127789697
39,36181838136,122940984
39,36271363072,118823361
39,36357401177,114720440
39,36446880779,122255385
39,36538654792,129598461
39,36626987220,135898653
39,36629248092,130286321
39,36719908375,125625530
39,37085835727,121797338
39,37175317753,117822670
39,37264816443,114219836
39,37350840132,110692356
39,37442616574,119105811
39,37719106344,120717584
39,37795955794,115127886
39,37890026642,112611900
39,37972625445,108785412
39,38064401881,116937235
39,38150442290,124570080
39,38242218712,131248820
39,38261721200,128717717
39,38351203235,126253002
39,38353497662,121971376
39,38441832468,117974954
39,38444126885,114603084
39,38531314521,111527698
39,38534756117,109211735
39,38619649349,117435268
39,38624238157,114380859
39,38706836956,121583251
39,38711425799,117885344
39,38713720189,114274676
39,38792877377,110740341
39,38797466221,107647798
39,38799760611,104941823
39,38884653849,103324095
39,38890389878,102033583
39,38909892353,103029385
39,38970694273,111525711
39,38975283082,108959997
39,38997079991,108714997
39,39075089978,115875622
39,39081973207,115266169
39,39086562049,114732897
39,39165719224,121391284
39,39172602478,118342373
39,39174896870,115174576
39,39525941839,122527754
39,39617718306,118711784
39,39707200369,115122811
39,39796682442,123107459
39,39887311694,130219026
39,39980244015,136941647
39,41252354429,139198941
39,41363765957,135674073
39,42599588189,128589813
39,42681039953,122766086
39,42765933368,117920325
39,42825588220,121180284
39,42894420721,122157748
39,42971283666,125138029
39,42973578097,119370775
39,43051588267,114449428
39,43053882662,110143249
39,43123862376,105375342
39,43126156791,101328424
39,43197283723,97912371
39,43199578154,95173324
39,43274146681,101776658
39,43276441123,98929575
39,43354451300,105938378
39,43356745696,102946080
39,43359040110,100452820
39,43437050290,98271217
39,43439344714,96362314
39,43441639145,94567024
39,43520796515,93121146
39,43523090931,91981002
39,43525385371,90983376
39,43605689969,100110454
39,43607984366,98471647
39,43610278790,97037691
39,43680258515,104282979
39,43682552947,100872606
39,43684847343,97888530
39,43755974278,103777463
39,43758268703,100555280
39,43760563134,97735870
39,43762857529,95268886
39,43837426116,93610275
39,43839720512,92033990
39,43842014927,90779741
39,43844309352,89682273
39,43907405845,87221988
39,43909700260,85069239
39,43911994656,83060584
39,43914289082,81678011
39,43977385576,88093259
39,43979679991,86081601
39,43981974387,84321400
39,43984268812,82906225
39,44051954122,89667946
39,44054248546,88084452
39,44056542978,86698895
39,44058837374,85486533
39,44131111523,93175716
39,44133405966,91778751
39,44135700381,90431407
39,44137994778,89252481
39,44140289202,88345920
39,44217152182,88052680
39,44219446625,87796095
39,44221741021,87571583
39,44224035436,87500135
39,44226329861,87312618
39,44292867965,85773540
39,44295162382,84551847
39,44297456823,83732866
39,44299751219,83016257
39,44302045635,82389224
39,44368583770,89840571
39,44370878168,88360499
39,44373172584,87065436
39,44375467024,85932256
39,44377761420,84940724
39,44447741161,92448133
39,44450035577,91142116
39,44452330003,89999351
39,44454624436,88874432
39,44456918832,87890128
39,44459213248,87153862
39,44534929037,87134629
39,44537223452,87117800
39,44539517894,87103075
39,44541812291,87090190
39,44544106707,87203916
39,44546401149,87178426
39,44609497639,85656122
39,44611792035,84199106
39,44614086451,83049217
39,44616380877,82043064
39,44618675309,81037681
39,44620969706,80407970
39,44677182943,86731973
39,44679477385,84640476
39,44681771781,82810416
39,44684066197,81209114
39,44686360623,79807974
39,44688655055,78581977
39,44752898737,85259229
39,44755193152,84351825
39,44757487594,83557846
39,44759781991,82863115
39,44762076407,82255225
39,44764370834,81723321
39,44820584089,88007905
39,44822878485,85756916
39,44825172901,83787301
39,44827467344,82063888
39,44829761740,80555902
39,44832056157,79236414
39,44834350582,78081862
39,44896299869,77821629
39,44898594301,77593925
39,44900888699,77269684
39,44903183115,77110973
39,44905477557,76972101
39,44907771953,76725588
39,44910066370,76634889
39,44970868450,76305527
39,44973162868,76142336
39,44975457310,76249544
39,44977751706,76343351
39,44980046122,76425432
39,44982340547,76497253
39,44984634980,76560096
39,45048878667,84240084
39,45051173085,83835073
39,45053467527,83355688
39,45055761923,82936227
39,45058056338,82694198
39,45060350764,82357423
39,45062645198,82062745
39,45126935286,89554901
39,45129229702,88485538
39,45131524144,87424845
39,45133818540,86496739
39,45136112957,85809646
39,45138407399,85083440
39,45140701815,84448010
39,45142996212,83892008
39,45208430355,83655507
39,45210724753,83323568
39,45213019170,83158122
39,45215313595,83013356
39,45217608027,82761686
39,45219902424,82541475
39,45222196842,82473790
39,45224491284,82414566
39,45285293354,81737745
39,45287587786,81145526
39,45289882182,80502335
39,45292176600,80064543
39,45294471042,79681475
39,45296765438,79596290
39,45299059856,79646753
39,45301354281,79565908
39,45365598010,87245169
39,45367892407,86589522
39,45370186824,86140831
39,45372481267,85748227
39,45374775663,85279698
39,45377070079,84994735
39,45379364505,84745393
39,45381658938,84402218
39,45445902633,91851940
39,45450491492,90995447
39,45453933096,90371016
39,45456227514,89824639
39,45458521956,89346559
39,45460816353,88928239
39,45463110770,88562209
39,45465405196,88241932
39,45467699629,87961690
39,45508999141,84841478
39,45513587999,82111293
39,45518176812,79972381
39,45520471256,77975833
39,45522765653,76228853
39,45525060070,74825246
39,45527354495,73472090
39,45529648928,72288078
39,45531943326,71252068
39,45578978905,71095559
39,45583567765,70958614
39,45585862161,70463787
39,45588156578,70155813
39,45590451020,69886336
39,45592745418,69525544
39,45595039834,69334851
39,45597334260,69167994
39,45599628694,69021994
39,45643222622,74394244
39,45647811462,73719963
39,45650105879,72879967
39,45652400305,72144971
39,45654694738,71376849
39,45656989135,70704742
39,45659283562,70241649
39,45661577995,69711442
39,45663872392,69247511
39,45713202389,74841572
39,45717791228,74736375
39,45720085646,74519328
39,45722380072,74204412
39,45724674505,73928860
39,45726968902,73687752
39,45729263329,73601783
39,45731557761,73401560
39,45733852159,73226365
39,45785476602,79323069
39,45787770998,78657685
39,45792359840,78200474
39,45794654274,77675414
39,45796948673,77215987
39,45799243088,76938988
39,45801537531,76696614
39,45803831928,76359537
39,45806126345,76189594
39,45808420787,76040894
39,45860045186,75910782
39,45862339611,75796934
39,45866928442,75572317
39,45869222858,75500777
39,45871517302,75438179
39,45873811699,75258406
39,45876106116,75226105
39,45878400541,75197841
39,45880694974,75048110
39,45882989373,74917096
39,45938055423,75302459
39,45940349849,75639651
39,45944938679,75934694
39,45947233097,76567857
39,45949527539,76996874
39,45951821937,77372264
39,45954116354,77825731
39,45956410779,78097514
39,45958705212,78335324
39,45960999611,78543408
39,46020654521,85975482
39,46022948920,85728546
39,46027537778,85887477
39,46029832176,85776542
39,46032126592,85679474
39,46034421036,85594539
39,46036715434,85520221
39,46039009850,85455193
39,46041304276,85398293
39,46043598710,85348506
39,46104400794,92679942
39,46106695227,91844949
39,46111284053,91489330
39,46113578486,90803163
39,46115872882,90202767
39,46118167300,89677421
39,46120461743,89217743
39,46122756140,88815525
39,46125050558,88463584
39,46127344984,88155636
39,46129639416,87886181
39,46189294295,87525408
39,46191588728,87209732
39,46196177543,86933515
39,46198471987,86691825
39,46200766384,86480346
39,46203060801,86295302
39,46205355227,86133389
39,46207649660,85991715
39,46209944057,85742750
39,46212238475,85649906
39,46214532918,85568667
39,46266157322,84497583
39,46268451765,83560385
39,46273040580,82740336
39,46275335006,82022794
39,46277629439,81394944
39,46279923837,80720576
39,46282218253,80505504
39,46284512696,80317316
39,46286807095,80152651
39,46289101512,80133569
39,46291395938,79991872
39,46344167567,86242888
39,46346462011,85462527
39,46351050827,85154711
39,46353345252,84510372
39,46355639686,83946575
39,46357934083,83453253
39,46360228500,83146596
39,46362522944,82753271
39,46364817341,82409112
39,46367111758,82232973
39,46369406185,81953851
39,46426766657,88584619
39,46429061075,88136541
39,46433649934,87994473
39,46435944331,87495163
39,46438238749,87183267
39,46440533192,86910358
39,46442827590,86671563
39,46445122008,86462617
39,46447416433,86279789
39,46449710848,86119815
39,46452005266,85979838
39,46454299692,85857358
39,46511660184,85750188
39,46513954583,85531414
39,46518543443,85464987
39,46520837840,85406863
39,46523132257,85356005
39,46525426684,85311504
39,46527721099,85272566
39,46530015517,85238495
39,46532309943,85208683
39,46534604377,85182597
39,46536898773,85034772
39,46539193192,85030425
39,46595406469,84901621
39,46597700903,84788918
39,46602289728,84690303
39,46604584163,84604015
39,46606878560,84403513
39,46609172978,84353073
39,46611467420,84308938
39,46613761817,84145320
39,46616056236,84127155
39,46618350662,84111260
39,46620645095,84347352
39,46622939494,84553933
39,46668827879,90109691
39,46671122297,88345979
39,46675711138,87052731
39,46678005557,85671139
39,46680299983,84462246
39,46682594416,83404465
39,46684888814,82353906
39,46687183231,81559667
39,46689477675,80864708
39,46691772073,80131619
39,46694066490,79615166
39,46696360917,79163270
39,46745690946,84642861
39,46747985344,83937503
39,46752574205,83570315
39,46754868603,82999025
39,46757163021,82499146
39,46759457464,82061752
39,46761751862,81679033
39,46764046279,81469153
39,46766340705,81160508
39,46768635140,80890444
39,46770929537,80654138
39,46773223954,80447370
39,46775518398,80266448
39,46825995602,80233142
39,46828290029,80328999
39,46832878860,80287874
39,46835173278,80376889
39,46837467721,80329777
39,46839762120,80288554
39,46842056538,80377484
39,46844350964,80330298
39,46846645398,80289010
39,46848939795,80252883
39,46851234212,80346272
39,46853528657,80302988
39,46855823055,80265114
39,46909741912,80731974
39,46912036329,81140477
39,46916625189,81497917
39,46918919587,81685677
39,46921214006,81974967
39,46923508449,82228096
39,46925802846,82324584
39,46928097264,82534011
39,46930391691,82717259
39,46932686125,82877601
39,46934980524,82892900
39,46937274950,83031287
39,46939569384,83152376
39,46995782641,90258329
39,46998077058,90101037
39,47002665918,90088407
39,47006107525,90077356
39,47036604304,93567686
39,47040054466,97121725
39,47041201645,100356509
39,47042348824,103311945
39,47446137736,100897951
39,47516115517,103160707
39,47518409875,99890618
39,47521851393,96779290
39,47601006593,95306878
39,47604448149,94143518
39,47684750491,102750578
39,47722607340,105031755
39,47768494429,112402785
39,47800615363,112852436
39,47806351243,109245881
39,47885506462,110215145
39,47918783197,115188251
39,48214746182,116664719
39,48298490128,118456629
39,48382234018,124649550
39,48465977925,129943356
39,48549721837,134575436
39,48582989973,132378506
39,48631171408,126081192
39,48666733884,120821043
39,48714915319,116093412
39,48747036278,111706735
39,48797512091,114118393
39,48829633031,114228593
39,48878961628,116325018
39,48912229767,116159390
39,48961558383,118139466
39,48994826503,117872032
39,49030389001,117888028
39,49075128901,117402024
39,49086600679,114226771
39,49149695417,114823424
39,49157725638,110720496
39,49204759898,111630434
39,49231144979,107926629
39,49240322398,105810800
39,49288503855,108959450
39,49319486276,109714518
39,49330958018,111750203
39,49332105198,113781427
39,49333243739,111183748
39,49372247759,107785779
39,49402074360,104687556
39,49415840480,102226611
39,49451402981,104323284
39,49495004342,106657873
39,49659042031,103700638
39,49735902896,110488058
39,49818499682,116552050
39,49902243592,122858043
39,50148886683,117625787
39,50232630635,113422563
39,50312933029,109244742
39,50395529802,105964149
39,50473537856,112843630
39,50546957192,117613176
39,50628406790,122286529
39,50630701149,117500712
39,50713306549,113438123
39,50953057970,118758357
39,51236801874,139288562
39,51682662830,141877491
39,52119737457,144142804
39,52197745533,135874953
39,52279195151,129140583
39,52396207270,127623010
39,52477656890,136420133
39,52559106495,139742616
39,52642850459,142899789
39,52970943285,135537315
39,53053540077,128970150
39,53137284068,123348881
39,53221028040,118430270
39,53546826536,123501486
39,53630570533,118563800
39,53914314535,139243325
39,54858050958,142337909
39,57608984636,138920670
39,57691581489,131930586
39,57774178361,125814262
39,57856775216,120337479
39,57938224910,125795294
39,58020821766,130570882
39,58103418626,134874521
39,58138981174,132765205
39,58222725216,131044554
39,58458287888,154663984
39,60347300595,155955986
39,60631044836,171961487
39,61079200919,171341301
39,61161797821,160173638
39,61245541905,150651933
39,61329286008,142320441
39,61411882911,145280385
39,61613030284,162620336
39,61900362481,152542794
39,61985256348,144099944
39,62067855793,136337451
39,62140130299,128420269
39,62213552035,130617735
39,62295004258,133665518
39,62414517725,142082328
39,63815615050,159572037
39,63931089261,154125532
39,64015980566,145359840
39,64098577509,137564860
39,64217884219,135244252
39,64547124858,139088720
39,64632016172,132327630
39,64715760304,126161676
39,64799504438,120891466
39,65128745092,126405032
39,65212489250,121104403
39,65296233408,116466352
39,65378830368,112158058
39,65460280145,118638300
39,65661427611,139183512
39,67346635496,157285573
39,68783698054,152124876
39,68862855983,142984266
39,68946602783,135611232
39,69028011441,128909828
39,69110608456,133296099
39,69192058304,137134086
39,69274655320,140492325
39,69356113811,143430784
39,69841362700,145001936
39,70125107308,162376694
39,71562134480,157079607
39,71644731513,147694656
39,71728475768,139732824
39,71808778453,132266221
39,71891375524,136107943
39,71975119783,139969450
39,72058864007,143348268
39,72094426641,140304734
39,72142608266,133266642
39,72178170884,127108311
39,72225205326,121594772
39,72261915147,116770425
39,72308949590,112549121
39,72342217840,113105480
39,72391546651,115217295
39,72424814902,115315133
39,72475290899,117525741
39,72516589440,118460023
39,72544121807,118652520
39,72559035166,114320955
39,72606181556,111280835
39,72608475989,105370730
39,72627978691,100699388
39,72668131299,95861964
39,72675014606,92254218
39,72702547816,92472440
39,72734669917,94288385
39,72736964349,91002336
39,72762203129,90502044
39,72800061308,91439288
39,72802355737,88509377
39,72844802775,90945704
39,72882660973,94577491
39,72884955404,93255304
39,72887249834,92223391
39,72911341400,89070467
39,72954935673,86936658
39,72957230102,85194575
39,72959524533,83545253
39,72983616114,82102096
39,73030652033,81339334
39,73032946465,80546917
39,73035240894,80228552
39,73059332460,82699983
39,73110957257,88237485
39,73113251687,87582799
39,73115546118,87009949
39,73140784898,89258705
39,73195851341,95101366
39,73198145789,94213695
39,73200440220,93311983
39,73224531789,95272985
39,73226826215,94113861
39,73280745443,92974628
39,73283039894,91977799
39,73285334324,91105574
39,73310573108,90467377
39,73312867535,89908954
39,73365639567,89295334
39,73367933999,88633417
39,73370228429,88179239
39,73396614444,87906834
39,73398908876,87668479
39,73450395299,93959919
39,74802922740,96464929
39,75086667537,119906812
39,76150105420,140293460
39,76599410117,143381777
39,76682007262,135834054
39,76765751559,139604797
39,76796658776,128279197
39,76827566435,119994297
39,76858474537,112745009
39,76892162899,106776882
39,76894457283,97929771
39,76933461756,90813549
39,76935756123,84586855
39,76985085322,80513498
39,76987379703,76949310
39,77041297653,74330646
39,77043592037,72289315
39,77096362794,76878150
39,77098657178,74393381
39,77153722320,78844208
39,77156016705,76488682
39,77158311079,74427596
39,77223700938,73874146
39,77225995323,73264877
39,77228289695,72856767
39,77298268315,73124671
39,77300562699,73359087
39,77302857065,73439201
39,77373982896,82384300
39,77376277269,81836262
39,77378571653,81356729
39,77442814306,88687137
39,77445108699,86601244
39,77447403081,84651088
39,77513940121,90944702
39,77516234513,88826614
39,77518528895,86848287
39,77520823263,85117251
39,77593096278,84477594
39,77595390661,83792894
39,77597685046,83193782
39,77599979412,82669559
39,77660780511,80710864
39,77663074913,79122006
39,77665369286,77731755
39,77667663670,76765285
39,77734200720,84044624
39,77736495103,83039046
39,77738789471,82034165
39,77741083863,81279894
39,77806473730,88494907
39,77808768096,86683043
39,77811062498,85222662
39,77813356872,83944829
39,77883335501,91201725
39,77885629884,89676509
39,77887924251,88341945
39,77890218643,87174201
39,77892513026,86152425
39,77961344464,85133371
39,77963638848,84241699
39,77965933215,83461486
39,77968227607,82778800
39,77970521990,82181450
39,78041647813,81908768
39,78043942180,81670172
39,78046236572,81836400
39,78741200127,91856850
39,79024945057,115749743
39,79494899332,125906025
39,79577496524,120542771
39,79661240885,115974924
39,79742690893,111603058
39,79824140884,118027675
39,79907885248,123899215
39,79991629632,129286813
39,80027192303,128125961
39,80071932442,122110215
39,80133880333,120096438
39,80178620491,118459383
39,80218771889,114276960
39,80299083361,115117340
39,81761733564,124602672
39,81867274447,122277338
39,81946430116,116867670
39,82054265374,115759211
39,82631298774,122164309
39,82916191049,142518770
39,83710798803,144078923
39,83793396063,136444057
39,83877140494,129888549
39,83962032094,124277480
39,85399453969,118742795
39,85517613967,118649945
39,85602505614,114443701
39,85686250078,121263238
39,85771141728,127230333
39,85853739021,132201541
39,85856033360,126301348
39,85938630673,121138679
39,87403585547,119496344
39,87510273738,117934301
39,87592871045,113442513
39,87669732450,119137198
39,87748888197,123745048
39,87832632712,128651917
39,88067049040,152445427
39,88468730730,152514748
39,88542153077,142700404
39,88614428210,133862853
39,88699322796,127754996
39,88783070145,132910621
39,88870259196,137671793
39,88944828758,140587818
39,88947123201,132639340
39,89029723335,126684422
39,89032017793,121473869
39,89116912388,117164635
39,89119206849,113394055
39,89205248666,110344798
39,89207543109,107926698
39,89295879373,116435860
39,89298173815,113506377
39,89391098983,122318079
39,89393393445,119278319
39,89395687887,116493529
39,89517834852,117681837
39,89523570820,119221607
39,89529306777,121068906
39,89607315805,117185292
39,89614198935,113912130
39,89621082084,111173113
39,89694502370,117901473
39,89702532711,115038788
39,89710563051,112658939
39,89781688933,118576571
39,89788572083,115504499
39,89795455232,112691436
39,89870022681,118605006
39,89876905830,115654380
39,89879200203,112572582
39,89886083352,109876009
39,89956070684,106891507
39,91168643833,110780068
39,91232886574,104932559
39,91314438034,110065989
39,91383127345,115182740
39,91438174915,116284897
39,91440469228,108874284
39,91482781220,100764998
39,91486222702,93919373
39,91529231611,88054451
39,91534967425,83047644
39,91575361210,78416688
39,91579658632,74864602
39,91619522230,76131526
39,91624110847,72740085
39,91670575973,75022574
39,91672865050,72269752
39,91675159366,69611033
39,91723666595,67534653
39,91725960922,65717821
39,91728215255,64128093
39,91778730162,62987081
39,91780984314,61988695
39,91783318783,61115108
39,91837244466,67100719
39,91839529507,66338129
39,91841783871,65670862
39,91900328854,72087004
39,91902623180,71201128
39,91904877745,70425987
39,91965677287,77122738
39,92358875556,73732395
39,92409337984,71140845
39,92468171951,69623239
39,92529502592,68545334
39,92597185134,68477167
39,92663720511,76667521
39,92741727505,85084080
39,92815145852,93448570
39,92817440167,91267498
39,92895447167,89859060
39,92897741500,88626677
39,92956246751,85173342
39,92958541068,82151674
39,93009016188,78507714
39,93011310509,75569249
39,93059960356,78748092
39,93062254678,75529580
39,93141320965,82338382
39,93143615298,82546084
39,93222778756,92227823
39,93344368627,87699345
39,93400579572,83736926
39,93463673486,81144810
39,93534797538,79876708
39,93609363057,88142119
39,93689664415,96499354
39,93775701579,105186934
39,93777995897,103038567
39,93865180230,101408746
39,93867474546,99982652
39,93950070232,98109820
39,93952364549,96471092
39,94018899978,92912205
39,94023488613,90423179
39,94204403829,86495281
39,94260040897,82683370
39,94315677961,79222948
39,94368733926,75945079
39,94425231336,80201944
39,94484023168,84676701
39,94541667888,88592113
39,94543962207,84893098
39,94598457416,81406460
39,94600751751,78355652
39,94656957011,75811195
39,94659251333,73709795
39,94719477081,72371070
39,94721771416,71449686
39,94783718197,78018475
39,94786012515,76641165
39,94840257023,81936019
39,94842551352,79069016
39,94844845689,76435389
39,94903882584,74755965
39,94906176903,73411469
39,94908471221,72235035
39,94966976521,71080655
39,94969270843,70070573
39,94971565172,69186751
39,95028923307,75538407
39,95031217629,74221106
39,95033511961,72943467
39,95092017263,78950533
39,95094311581,77331716
39,95096605915,75790251
39,95156258375,81691469
39,95158552705,79730035
39,95160847040,78013780
39,95163141362,76637057
39,95227382470,75932424
39,95229676805,75315871
39,95231971127,74776387
39,95234265449,74304338
39,95304242383,74641295
39,95306536713,74936133
39,95308831049,75194116
39,95311125370,75794851
39,95376513651,84070494
39,95378807987,82811682
39,95381102306,81835221
39,95383396624,80980818
39,95455667898,88858215
39,95457962219,87875938
39,95460256542,87141445
39,95462550873,86373764
39,95535969302,94577043
39,95538263626,93129912
39,95540557956,91863673
39,95542852292,90630713
39,95545146612,89676873
39,95622006530,89342263
39,95624310133,88924480
39,95784903699,87308920
39,95856027803,94645305
39,95858322121,92064641
39,95922563267,88806560
39,95924857603,85955740
39,95997128877,92586272
39,95999423196,90637988
39,96071694491,97683239
39,96366515459,103847834
39,96438786764,99866854
39,96509910884,96258497
39,96575299202,92476184
39,96639540363,97166661
39,96703781530,101020828
39,96769169837,104643224
39,96771464169,100062821
39,96836852509,95929968
39,96839146817,92438722
39,96904535151,89383881
39,96906829489,86585895
39,96968776326,83762658
39,96971070646,81667325
39,97031870333,87083909
39,97034164641,84448420
39,97098405814,89767367
39,97100700151,87171446
39,97102994472,84775015
39,97168382802,82928138
39,97170677140,81312120
39,97172971462,79898105
39,97240654130,78910841
39,97242948452,78046985
39,97245242777,77416111
39,97314072614,85489097
39,97316366935,84302959
39,97318661270,83265089
39,97396668415,91731952
39,97398962736,90765458
39,97401257062,90044775
39,97482705709,99289178
39,97485000032,98003030
39,97487294356,96877651
39,97489588689,95767944
39,97572184486,95046951
39,97574488098,94291082
39,97735081785,92629696
39,97813088941,100550984
39,97893390422,107732111
39,97978280570,114890597
39,98254747163,112529272
39,98352256119,110713113
39,98448617933,108873973
39,98536949589,106264726
39,98628722756,115481635
39,98726231727,124796430
39,98821446388,133321876
39,98823740727,128781641
39,98910925228,123808935
39,98913219554,119582818
39,99004992731,116384965
39,99007287057,113586844
39,99107090379,112263488
39,99109384714,111355552
39,99209188046,122686108
39,99211482379,120350344
39,99302108391,129431551
39,99304402725,125127607
39,99306697064,121361656
39,99392734429,117441449
39,99395028752,114136267
39,99397323075,111244233
39,99492537767,109838703
39,99494832107,108483865
39,99497126419,107423381
39,99586605294,117620458
39,99588899618,114917900
39,99591193945,112678162
39,99669201165,120093391
39,99671495499,115706717
39,99673789840,111868377
39,99754091372,118259829
39,99756385707,114352350
39,99758680045,110933306
39,99760974370,107941642
39,99844717428,105698936
39,99847011752,103861569
39,99849306074,102253872
39,99851600414,100847138
39,99929607640,98866245
39,99931901967,97007964
39,99934196293,95506968
39,99936490627,94443597
39,100022528014,104013147
39,100024822356,102886503
39,100027116669,102025690
39,100029411004,101147478
39,100118889888,111254043
39,100121184216,109722287
39,100123478552,108382001
39,100125772892,107084250
39,100217546105,117198718
39,100219840429,115173878
39,100222134757,113402143
39,100224429093,111851875
39,100226723432,110495390
39,100317349478,109183466
39,100319643817,108035532
39,100321938144,106906090
39,100324232470,106042828
39,100326526805,105287474
39,100413711379,104126539
39,100416005703,103235721
39,100418300028,102706255
39,100582344682,100117973
39,100658057596,107103226
39,100660351934,103965322
39,100731476197,109594656
39,100794579585,112645324
39,100990735629,107439658
39,101054976899,102009700
39,101130689842,98758487
39,101210991437,96413676
39,101282115708,103361966
39,101352092821,108191720
39,101428952941,112917755
39,101431247270,108678035
39,101523020535,106968280
39,101596448443,114222245
39,101814400702,117694464
39,101879789182,111107656
39,101942883306,105094199
39,102005977435,99832424
39,102273267173,104853371
39,102329478325,98746699
39,102389669198,93903361
39,102455057666,90415440
39,102522740501,95738510
39,102588128973,100396196
39,102647781646,103471671
39,102893846758,97912712
39,102948910759,92548623
39,103012004915,88980045
39,103069362567,84982539
39,103129015229,88984721
39,103330159100,110486630
39,103569812753,105425801
39,103639789937,100997575
39,103718944453,98247878
39,103788921642,94716893
39,103863487516,101002281
39,103939200540,107251995
39,104018355075,113220495
39,104020649418,109192933
39,104100960385,105793816
39,104345340943,112569589
39,104437123608,109998390
39,104518546255,106373591
39,104599994880,103201892
39,104680296365,110551655
39,104762892165,117107698
39,104851223808,123844235
39,104853518143,119738705
39,104945291266,116521366
39,104947585604,113706195
39,105035917225,110742920
39,105038211563,108275055
39,105132301520,106865673
39,105134586583,105882463
39,105228654343,116397155
39,105230948660,114097510
39,105319266810,122960321
39,105609499415,119840280
39,105705861217,116860245
39,105805664544,114752714
39,105905467874,112908624
39,106000682536,123170046
39,106089014215,130773790
39,106177345911,136552066
39,106179640236,130733057
39,106300092543,129766424
39,106304681204,129170621
39,106401052334,125649293
39,106678656985,132443131
39,106772724511,127637739
39,106872527901,124183021
39,106971184100,121035143
39,107056074327,128905750
39,107146700389,134667531
39,107786818729,129459089
39,107877444836,124651702
39,107962335099,119695239
39,108050666860,115733334
39,108142440136,123766667
39,108239949224,131920833
39,108331722495,139055728
39,108334016835,133548762
39,108428093729,140480166
39,108429240899,146670145
39,108430378788,140336376
39,108506799336,135044329
39,108511388045,128413787
39,108588248734,132112063
39,108592837424,126348055
39,108674286826,130929548
39,108676581180,125563354
39,108739675786,128242934
39,108741970120,120587567
39,108744264473,114014121
39,108801623212,107512355
39,108803917548,101823310
39,108806211904,96845396
39,108870453688,93364721
39,108872748031,90319130
39,108875042380,88029238
39,108955353894,95650583
39,109192809785,93319260
39,109273112033,91779352
39,109358002974,90931933
39,109438305226,89565441
39,109517460305,98244760
39,109593173854,105339165
39,109666593068,110796769
39,109738874367,115072172
39,109933884872,115813150
39,110005009743,110336506
39,110076134615,105419442
39,110146112311,100992011
39,110212648494,105368009
39,110279184661,108822007
39,110342279312,111469256
39,110344573670,105660599
39,110404226791,100203024
39,110406521146,95427646
39,110474204498,92249190
39,110476498854,89468041
39,110547623742,87409535
39,110549918081,85858343
39,110615307097,92501050
39,110829828945,98563418
39,110900953845,95117990
39,110970931569,91978241
39,111042056475,89480960
39,111109739846,95670840
39,111178570419,100711985
39,111245106617,105122986
39,111247400973,100607612
39,111321976687,97531660
39,111537636524,102590202
39,111803022857,123016426
39,112137848576,124514372
39,112402089332,142075075
39,113843862426,139440690
39,113924164272,132135603
39,113998730255,124868652
39,114085915121,120135070
39,114174247159,127118186
39,114259137686,132978412
39,114337145201,136731110
39,114339439534,129639721
39,114414014829,123059755
39,114730624321,126677285
39,114807484696,120467624
39,114883197899,114909171
39,114956616746,109670524
39,115028888447,114086708
39,115106895994,118575869
39,115183756370,123128885
39,115186050717,117737774
39,115261763922,112770552
39,115569205494,108299233
39,115639182869,103511828
39,115712601744,99697849
39,115782579138,95985617
39,115852556522,101487414
39,115925975419,106676487
39,116003983000,112216926
39,116006277348,108314810
39,116293069950,104400458
39,116369930372,100850400
39,116435321138,96494100
39,116520214378,95057337
39,116850594888,103675169
39,116937846971,101590772
39,117022670525,99516925
39,117107561187,97702309
39,117198213202,107489520
39,117250158987,111928330
39,117305431645,111312288
39,117307725977,104523252
39,117361929934,98457845
39,117364224288,93275614
39,117426171701,89741162
39,117428466057,86523516
39,117495002161,84333076
39,117675108551,87416441
39,117729025752,83239385
39,117789825999,80334461
39,117856362136,78667653
39,117926339788,85959196
39,117980256993,90714296
39,118038762701,93375009
39,118041057056,89328132
39,118097555414,85537115
39,118099849747,82094975
39,118159789617,79583103
39,118162083973,77510215
39,118220589876,75446438
39,118222884233,73890633
39,118279095802,79279303
39,118281390160,76994390
39,118338748888,81870091
39,118341043244,79386329
39,118343337601,77213037
39,118395534019,74686407
39,118398401954,72475606
39,118450607667,76791155
39,118558432845,73567260
39,118609195332,70746352
39,118666554091,69028058
39,118713588249,73399550
39,118767505499,76849606
39,118831747289,81993405
39,118834041645,80119229
39,118901724975,78854325
39,118904019330,77747534
39,118978585709,77654092
39,118980880068,77447330
39,119054299292,77266413
39,119056593626,77358111
39,119125424164,85813347
39,119127718499,84211678
39,119199990551,91560218
39,119202284908,89740190
39,119204579243,88147666
39,119280359671,96254207
39,119281539214,103472431
39,119286121506,110413377
39,119287242916,116611704
39,119291822450,112910241
39,119345768220,107671460
39,119352633720,103087527
39,119586654760,101951586
39,119674989738,100207637
39,119757588685,98056682
39,119833304402,95299596
39,119915903337,103137146
39,119999649500,110995002
39,120230238277,106620626
39,120302512369,102293047
39,120375933661,98631416
39,120450502190,95677489
39,120760248357,103092802
39,120830228051,98956201
39,120907090982,96211675
39,120983953931,93685215
39,121060816885,101099563
39,121130796589,106837117
39,121199629088,110857477
39,121265029241,113875292
39,121820652638,133765880
39,122173134764,135045145
39,122246554423,127289501
39,122318826914,120378313
39,122392246593,114581023
39,122459930352,117883395
39,122535644391,121022970
39,122610211262,124770098
39,122612505633,118798835
39,122679042214,112573980
39,122681336585,107127232
39,122747873167,102236328
39,122750167536,98081787
39,122806379489,93196563
39,122808673842,89171992
39,122861444259,91900493
39,122863738613,87537931
39,122918803383,90345689
39,122921097753,86552477
39,122923392124,83233417
39,122971573784,79454239
39,122973868154,76022459
39,122978456897,73394651
39,123025491392,70970319
39,123027785744,68849029
39,123032374486,66992900
39,123081703335,71493787
39,123083997705,69807063
39,123089733616,68831180
39,123143651205,74102282
39,123145945577,72839496
39,123150534301,72109559
39,123210187822,78220864
39,123212482193,77068256
39,123214776547,76059724
39,123220512469,75302258
39,123283607518,75014475
39,123285901890,74762665
39,123288196259,74667331
39,123292784986,74333914
39,123357036514,74292174
39,123501572288,74005652
39,123580727925,83504945
39,123662177934,93191826
39,123664472305,92042847
39,123742480762,90537491
39,123744775118,89220304
39,123819342037,87692766
39,123821636391,86356170
39,123940123936,90686648
39,123945859806,95100817
39,124039928173,110463214
39,124044516864,109655312
39,124135143723,119698398
39,124139732416,117236098
39,124142026773,114831585
39,124234947971,112852636
39,124262480180,114121056
39,124265921705,115230924
39,124325574817,112202058
39,124351959861,109301800
39,124354254206,106764075
39,124405877105,103418565
39,124436850841,104366244
39,124439145186,102320463
39,124497651138,107405405
39,124534360760,110104729
39,124536655104,108841637
39,124595161057,114736432
39,124825743365,112519378
39,124922106134,122454455
39,125021910426,131647648
39,125117126015,139566692
39,125215783151,146370855
39,125974066624,151449498
39,126271575016,169643310
39,126759882652,171312896
39,126860834224,162523784
39,126950314033,153458311
39,127030636620,144276022
39,127115527932,146866519
39,127205017257,150383204
39,127304821915,155210303
39,127307116280,148559015
39,127393145506,141114138
39,127395418790,134474870
39,127480340479,128540511
39,127482634825,123347947
39,127564075346,118429453
39,127566348221,114375771
39,127656975243,121828799
39,127659291310,118475199
39,127754485325,127165799
39,127756779687,123770074
39,127759074036,120798814
39,127853142601,118073962
39,127855436964,115689716
39,127857753492,113478501
39,127944939204,110668688
39,127947233571,108335102
39,128037847495,117293214
39,128331515738,126381562
39,128430173047,122958866
39,128516211400,118339007
39,128598808226,113796631
39,128688288122,121072052
39,128780062371,128688045
39,128864953572,134602039
39,128867247922,128651784
39,128954433482,123820311
39,129037039605,129592772
39,129316941875,136893675
39,129405274624,130906965
39,129485577128,124543594
39,129572762715,119850644
39,129667978556,127619313
39,129762047211,135416898
39,130030487088,128864785
39,130118819883,123756686
39,130208299856,119537100
39,130306966548,116844962
39,130308104439,114739341
39,130395669807,113146923
39,130492035699,122003557
39,130494330142,119128112
39,130591843242,116612098
39,130594137664,114535585
39,130684767507,111843636
39,130687061930,109488181
39,130765072428,105927158
39,130767366872,103061263
39,130849966207,110428605
39,130852260630,107500029
39,130936007204,115187525
39,130938301649,111914084
39,130940596060,108924823
39,131019753779,105684220
39,131022057481,102973692
39,131258374181,109726980
39,131352445688,107761107
39,131428161762,103790968
39,131502730650,100067097
39,131576152315,106058709
39,131650721210,111301370
39,131725290095,116013698
39,131727584527,111136985
39,131801006200,106744861
39,131803300648,102901753
39,131883605598,100289033
39,131885900021,98002903
39,131968499418,96377540
39,131970793845,95205347
39,132059129309,105054678
39,132061423754,103547843
39,132156642493,113854362
39,132158936920,111997566
39,132161231344,110497870
39,132254155676,108935636
39,132256450112,107568681
39,132258744538,106247595
39,132333313462,102841645
39,132335607876,99861439
39,132337902301,97253759
39,132419354516,105222039
39,132421648929,103069284
39,132426237778,101560623
39,132507689986,110115545
39,132509984411,107601101
39,132514573271,105775963
39,132600614332,114303967
39,132602908757,111890971
39,132605203182,109904599
39,132609792043,108041524
39,132695833107,106411333
39,132698127531,105109916
39,132700421979,103846176
39,132705010818,102865404
39,132794493534,102382228
39,132796787961,101834449
39,132799082385,101480142
39,132803671246,101670124
39,132888565105,111836358
39,132890859532,109856813
39,132893153956,108249711
39,132897742819,106968497
39,132982636678,115972434
39,132984931106,113475879
39,132987225530,111416394
39,132991814393,109739344
39,133076708258,118396926
39,133079002684,115722310
39,133081297112,113382021
39,133083591545,111209268
39,133088180396,109433109
39,133177663128,108378970
39,133179957554,107331598
39,133182251979,106540148
39,133184546416,105847629
39,133186840842,104866675
39,133255673714,101508340
39,133257968139,98569797
39,133260262564,96373572
39,133262557001,94326875
39,133264851427,92536015
39,133331389884,99094013
39,133333684299,96457261
39,133335978726,94150103
39,133338273151,92131340
39,133340567589,90364922
39,133413989315,97694306
39,133416283741,96107517
39,133418578179,94719077
39,133420872605,93504192
39,133423167030,92441168
39,133425461468,91511022
39,133508060913,91947144
39,133510355360,92203751
39,133512649774,92428282
39,133514944202,92624746
39,133517238627,92796652
39,133519533064,92947070
39,133605574164,93453686
39,133607868591,93896975
39,133610163015,94409853
39,133612457453,94858621
39,133614751879,95126293
39,133617046305,95735506
39,133697351353,106018567
39,133699645767,104516246
39,133701940194,103201715
39,133704234620,102051500
39,133706529057,101045062
39,133708823485,100164429
39,133776509157,107518875
39,133778803585,104204015
39,133781098010,101428513
39,133783392460,98999948
39,133785686874,96749954
39,133787981300,94781209
39,133864844694,102433557
39,133867139118,101004362
39,133869433566,99753816
39,133871727984,98534589
39,133874022409,97592765
39,133876316839,96768669
39,133878611274,96047585
39,133953180231,95166636
39,133955474668,94270806
39,133957769097,93486955
39,133960063522,92926085
39,133962357971,92310324
39,133964652385,91771533
39,133966946813,91300091
39,134038074134,90512579
39,134040368582,89823506
39,134042662996,89470567
39,134044957425,89161746
39,134047251849,88891527
39,134049546288,88655086
39,134051840716,88448200
39,134111495895,95517175
39,134113790322,92952528
39,134116084746,90833462
39,134118379197,88979279
39,134120673612,87356869
39,134122968038,85812260
39,134125262465,84585727
39,134191800940,91512511
39,134194095365,90448447
39,134197537016,89642391
39,134199831444,88812092
39,134202135149,88210580
39,134386827494,88809257
39,134389121920,89333099
39,134391416369,89791461
39,134480899131,101067528
39,134483193558,100559087
39,134485487996,99989201
39,134576117986,110615550
39,134578412436,109038606
39,134779175081,107658780
39,134875541176,106576432
39,134965023968,116504378
39,135056801203,124566330
39,135140547933,130870538
39,135142842361,125261720
39,135230030737,120854005
39,135232325167,116997254
39,135309188607,112247597
39,135311483046,108091647
39,135386052051,113830191
39,135388346500,109476417
39,135460621072,114416864
39,135462915501,109614756
39,135543220591,115287911
39,135545515031,111501922
39,135547809459,108189181
39,135628123834,105290533
39,135787577553,101254216
39,135858704933,97472439
39,135945893337,96163384
39,136042259468,96267961
39,136423135193,108484465
39,136519501359,106923906
39,136620456385,106183417
39,136723705845,105785489
39,136814335930,116812302
39,136903818809,124710764
39,136997890554,131996918
39,137000184981,127622303
39,137096551173,124044515
39,137098845601,120788950
39,137190622926,117440331
39,137192917355,114510289
39,137281253024,111571502
39,137283547466,109250064
39,137376472013,118593806
39,137378766443,115894580
39,137478574294,125782757
39,137480868723,123059912
39,137483163151,120802423
39,137577234921,118077120
39,137579529363,115692480
39,137581823794,113480920
39,137666717834,110420805
39,137669012265,107868204
39,137671306694,105634678
39,137753906310,113930343
39,137756200739,110939050
39,137758495183,108196668
39,137839947573,115672084
39,137842242001,112338073
39,137844536444,109295813
39,137928283268,116883836
39,137930577711,113648356
39,137932872141,110692311
39,137935166571,108230772
39,138024649499,106701925
39,138026943929,105364184
39,138029238358,104318661
39,138031532802,103278828
39,138125604595,102993974
39,138127899026,102744727
39,138130193454,102526636
39,138132487898,102585806
39,138215087517,112762580
39,138217381952,110167257
39,138219676390,107896349
39,138221970821,105784305
39,138305717672,114186266
39,138308012102,111537982
39,138310306530,109220734
39,138312600976,107193142
39,138406672778,116918999
39,138408967210,115179124
39,138411261639,113656733
39,138413556084,112324641
39,138415850514,111159060
39,138507627892,109889177
39,138509922323,108778029
39,138512216754,107805775
39,138514511198,106955053
39,138516805627,106210671
39,138598258044,104309337
39,138600552489,102645669
39,138602846921,101439960
39,138605141350,100384965
39,138607435796,99461844
39,138685446570,108154113
39,138687741000,105759848
39,138690035432,103789867
39,138693477091,102191133
39,138695771521,100667241
39,138784107251,110208835
39,138786401705,109057730
39,138788696125,108050513
39,138792137771,107294198
39,138794432217,106507423
39,138796726648,105818995
39,138888504041,105591620
39,138890798473,105392667
39,138893092903,105343583
39,138895387337,105050635
39,138897681777,104794305
39,138899976209,104570016
39,138984870300,103498764
39,138987164732,102686418
39,138989459177,101850615
39,138991753606,101119288
39,138994048038,100604377
39,138996342473,100403829
39,139076647701,109978350
39,139078942133,107981056
39,139081236563,106233424
39,139083531009,104704246
39,139085825440,103366215
39,139088119870,102195438
39,139173013970,111546008
39,139175308400,109977757
39,139177602845,108605537
39,139179897278,107279844
39,139182191708,106244863
39,139184486153,105339255
39,139267085809,114546848
39,139269380246,112228492
39,139271674686,110199930
39,139273969117,108424938
39,139276263549,106996820
39,139278557993,105622217
39,139280852424,104419439
39,139354274346,102242009
39,139356568792,100336757
39,139358863224,98669662
39,139361157654,97335954
39,139363452100,96043959
39,139365746531,94913464
39,139368040963,94049281
39,139442610116,93293120
39,139444946343,92631480
39,139447240721,92427545
39,139449544368,92249101
39,139451787856,91967963
39,139454082288,91846967
39,139456418219,91741096
39,139538976401,101523459
39,139541310080,101208026
39,139543565277,100932022
39,139545859709,100565519
39,139548154139,100369829
39,139550448586,100198600
39,139552743016,99923775
39,139855639460,105058303
39,139875111224,102676015
39,139879730402,100591513
39,139882024781,98642573
39,139940502654,96937251
39,139956591973,94945094
39,139961180730,93326957
39,140017392927,98536087
39,140030011990,97469076
39,141471341675,96160441
39,141559675052,95140385
39,141642272502,93622836
39,141740930572,104544981
39,142134415735,115726858
39,142228485090,113011000
39,142323701637,110759625
39,142421212562,109164671
39,142514134742,119394087
39,142607056929,127719826
39,142699979121,134879847
39,142702273498,129894866
39,142787165382,124658007
39,142789459757,119950756
39,142868615709,115081911
39,142872057269,111071672
39,142960400015,108687713
39,143240304568,107351748
39,143532079403,130432779
39,144041041964,137878681
39,144139700184,132893845
39,144230328084,127657114
39,144327839128,123824974
39,144425350170,132721852
39,144520566842,140256620
39,144607753202,145474542
39,144610047574,138540224
39,144701831976,132972696
39,144961087426,137851109
39,145051715375,131869720
39,145144637707,127011005
39,145238707233,122884629
39,145602366310,130649050
39,145898730226,151317918
39,146262974280,146403178
39,146328364199,136352780
39,146398342889,128058682
39,146461438431,119926346
39,146522239594,120435552
39,146577880549,119881108
39,146634379988,118895969
39,146636674366,111408972
39,146698623049,105482850
39,146700917437,100297493
39,146751394280,94385306
39,146753688658,89212142
39,146809901064,85310624
39,146812195442,82271796
39,146871849430,86737821
39,146874143816,84020593
39,146941828141,89643018
39,146944122527,87562640
39,146946416906,85617310
39,147017542814,84415146
39,147019837200,83238252
39,147022131587,82333470
39,147084079959,80416786
39,147086374345,78739687
39,147088668723,77147226
39,147152911485,83753822
39,147193519098,86909594
39,147196960667,89795894
39,147241701111,97696407
39,147291030312,102859356
39,147294471886,102626936
39,147336917945,107298569
39,147389688730,112386247
39,147391983107,110837966
39,147395424682,109608220
39,147432134790,107907192
39,147481464003,105918793
39,147483758386,104178943
39,147487199955,102656575
39,147527351642,101699503
39,147577828041,100987065
39,147580122426,100488681
39,147584711194,100552595
39,147626010067,105358520
39,147671897708,110188705
39,147674192094,108540116
39,147677633669,107097601
39,147726962883,111460400
39,148151423663,121652850
39,148154865233,118821243
39,148246640554,115843587
39,148248934933,113113138
39,148346446218,111473995
39,148348740602,110039745
39,148446251886,108784776
39,148448546271,107936679
39,148536880028,117944594
39,148539174412,114826519
39,148630949750,123223204
39,148633244136,119945303
39,149056557960,121202140
39,149148333328,117551872
39,149241255894,114482888
39,149335325658,111922527
39,149427101043,121182211
39,149511993278,128034434
39,149603768678,134030129
39,149607210251,129276362
39,149702427231,125491816
39,149705868805,122055339
39,149799938598,118923421
39,149804527373,116432993
39,149898597169,114253868
39,149903185937,112972134
39,149993814160,122475617
39,149998402943,119666164
39,150089031163,127957893
39,150092472745,124338156
39,150172785526,130545886
39,150365504660,126227650
39,150456132910,121824193
39,150553644327,118721168
39,150646566976,115506022
39,150738342434,124192769
39,150830117898,131668672
39,150913863013,137085088
39,150916157402,130699452
39,151012521655,126737020
39,151014816036,123144892
39,151108885906,119751780
39,151111180295,116907807
39,151435077648,143169331
39,152043848927,137523164
39,152142507639,132707768
39,152233135988,127494297
39,152324911539,122932509
39,152420128680,130940945
39,152516493024,138573326
39,152609415794,144876660
39,152611710177,138642077
39,152706936611,133436817
39,152985695674,139132214
39,153079765659,133490687
39,153177277231,129054351
39,153262169667,123547557
39,153343620525,128854112
39,153421629798,132622348
39,153508816633,136669554
39,153605190323,142585859
39,153885096734,148512626
39,153979166773,141698547
39,154070942426,135361228
39,154160423687,129691074
39,154252199356,136229689
39,154342827827,141950977
39,154433456310,146832104
39,154435750704,140103091
39,154525231988,134090204
39,154527526382,128828928
39,154615860474,123975312
39,154618154869,119853398
39,154706498253,116246723
39,154986404857,113715882
39,155080474966,111251396
39,155169956286,108469971
39,155257143221,105911224
39,155347771757,114922321
39,155429222715,122057030
39,155516944179,127924901
39,155529028829,124434288
39,155604122321,119880002
39,155619035960,117520001
39,155692456952,113830000
39,155708517794,110726250
39,155816877558,104385468
39,155879973429,103337284
39,155947658092,98920123
39,156014195556,94930107
39,156070984876,90063843
39,156124043208,92555862
39,156179108945,94611379
39,156235895689,96659956
39,156238190080,91952461
39,156309325629,89708403
39,157884254221,94994852
39,157978326849,94870495
39,158078102093,95511683
39,158173319582,95447722
39,158235807810,103141756
39,158305787294,106749036
39,158378061190,111280406
39,158380355596,106745355
39,158458365519,103402185
39,158460659931,100476911
39,158534081036,97417297
39,158536375443,94740134
39,158615532580,93022617
39,158617826987,91769789
39,158699278534,100673565
39,158701572947,98839369
39,158779582881,106734447
39,158781877290,103642641
39,158784171700,101062310
39,158862181638,98804521
39,158864476052,96828955
39,158866770461,94975335
39,158947074811,93728418
39,158949369221,92637365
39,158951663634,91682694
39,159029673579,100597357
39,159031967990,98522687
39,159034262398,96832351
39,159141555580,108478307
39,159777651470,107168518
39,159868280711,105147453
39,159957762756,103129021
39,160041508775,111862893
39,160130990824,119505031
39,160212442435,125941902
39,160214736851,120699164
39,160287010820,114986768
39,160290452431,110113422
39,160363873619,105849244
39,160369609648,102493088
39,160444178036,99806452
39,160448766861,97955645
39,160529071283,105711189
39,160533660109,103622290
39,160617406150,111794503
39,160621994976,109320190
39,160624289388,107030166
39,160709182643,105151395
39,160713771469,103507470
39,160716065881,102069036
39,160797517523,100310406
39,160803253551,99021605
39,160805547966,97768904
39,160883557992,106422791
39,160890441225,104744942
39,160892735642,102776824
39,160970745671,110554721
39,160978776114,108610380
39,160981070526,106409082
39,161056786148,113607946
39,161063669387,111031952
39,161065963799,108027958
39,161068258210,105399463
39,161137090595,102349530
39,161143973835,99555838
39,161146268246,97236358
39,161148562663,95081813
39,161224278287,94071586
39,161232308732,93437637
39,161234603148,92757932
39,161236897560,92413190
39,161303435536,100236541
39,161312613192,98706973
39,161314907602,96618601
39,161317202015,94916275
39,161389476024,102176740
39,161399800891,101404647
39,161402095303,99979066
39,161404389715,98731682
39,161474369320,106015221
39,161476663736,103638318
39,161485841388,101433528
39,161488135800,99504337
39,161490430213,97816294
39,161561557031,96464257
39,161563851443,95281224
39,161573029097,94371071
39,161575323508,93449687
39,161577617925,92643476
39,161638419879,90688041
39,161640714294,88977035
39,161649891948,88604905
39,161652186360,87404291
39,161655627984,86478754
39,161716429939,93043909
39,161718724355,91413420
39,161727902008,90861742
39,161730196423,89629024
39,161733638045,88550396
39,161795587216,94981596
39,161797881626,93233896
39,161807059280,92704659
39,161809353692,91366576
39,161811648111,90070754
39,161813942522,88811909
39,161880480514,88335420
39,161882774935,87918492
39,161891952589,87428680
39,161894247004,87125095
39,161896541420,86859458
39,161898835832,86627025
39,161971109869,87173646
39,161973404281,87651940
39,161982581941,88070447
39,161984876354,88311641
39,161987170767,88647685
39,161989465175,89191724
39,162061739222,98417758
39,162064033636,97740538
39,162066328049,97147970
39,162068622466,95754473
39,162070916878,94535163
39,162073211291,93468267
39,162144338128,101159733
39,162146632546,99139766
39,162148926958,97247295
39,162151221371,95716383
39,162153515789,94376835
39,162156957408,93329730
39,162230378660,101288513
39,162232673078,99627448
39,162234967491,98174017
39,162237261902,97027264
39,162239556322,95898856
39,162241850734,94911499
39,162245292353,94172561
39,162314124784,92900990
39,162316419197,91788366
39,162318713614,90814820
39,162321008028,89962967
39,162323302441,89217596
39,162325596859,88565396
39,162327891271,87744721
39,162392134873,86526630
39,162394429288,85460801
39,162396723706,84778200
39,162399018117,84305925
39,162401312529,83767684
39,162403606948,83296723
39,162405901361,82884632
39,162471292174,90524053
39,162473586592,89333546
39,162475881004,88291852
39,162478175419,87505370
39,162480469827,86692198
39,162482764249,85980673
39,162485058663,85483088
39,162550449477,92922702
39,162552743896,91432364
39,162555038308,90253318
39,162557332721,89221653
39,162559627141,88193946
39,162561921552,87294702
39,162564215966,86632864
39,162566510385,85928756
39,162638784447,86187661
39,162641078861,86539203
39,162643373273,86721802
39,162645667692,86881576
39,162647962104,87021379
39,162650256519,87268706
39,162652550938,87360117
39,162654845350,87440102
39,162721383377,86885089
39,162723677795,86274452
39,162727119415,85990145
39,162729413828,85741376
39,162731708247,85523704
39,162734002662,85708241
39,162736297074,85744710
39,162738591492,85776621
39,162802835109,93554543
39,162805129523,92360225
39,162807423937,91315196
39,162809718356,90150796
39,162812012770,89256946
39,162814307183,88474827
39,162816601602,87665473
39,162818896014,86957288
39,162893464500,95462627
39,162895758918,95154798
39,162898053333,94885448
39,162900347745,94649767
39,162902642166,94443546
39,162904936578,94138102
39,162907230992,93995839
39,162909525411,93871359
39,162929612606,96012439
39,162978942296,94635884
39,163007038054,92556398
39,163064398433,91736848
39,163066692851,91019742
39,163089637005,91517274
39,163150439008,90827614
39,163152733426,90224162
39,163172235956,89321141
39,163238774007,89155998
39,163241068421,89136498
39,163260570956,88994435
39,163325961796,96995130
39,163328256211,96120738
39,163347758748,97355645
39,163413149592,104311189
39,163415444007,102522290
39,163434946544,102957003
39,163503779019,109587377
39,163506073433,107513954
39,163527305059,108074709
39,163546807504,108565370
39,163615639668,108994698
39,163619081273,109495360
39,163639730925,109808440
39,163698247539,115082385
39,163872613094,111572086
39,163958653313,119000575
39,164045840734,125750503
39,164300519821,120781690
39,165725346860,119808978
39,165811387180,115582855
39,165890544288,111009998
39,166001823110,111008748
39,166348278897,118757654
39,166635468147,139787947
39,167115759049,147064453
39,167201799446,139431396
39,167314225570,136127471
39,167426651712,133111537
39,168445370539,137972594
39,168531411011,131476019
39,168618598702,125916516
39,168706942872,121176951
39,168967349480,117029832
39,169053389981,113151103
39,169141724907,110007215
39,169428914537,132131313
39,169919531293,130489898
39,170006719066,125053660
39,170116850977,123171952
39,170225835696,121400458
39,170313023472,130850400
39,170400211257,136369100
39,170482810218,140447962
39,170485104631,133516966
39,170571145216,127952345
39,170573439629,122958301
39,170683571582,121588513
39,170768474255,130764948
39,170946282225,125544329
39,171233472104,145726287
39,171741297656,155385501
39,174590966695,150087313
39,174903395705,170451398
39,176210829197,173519973
39,176294575667,162329976
39,176379469361,152663729
39,176466657483,144455762
39,176552698411,148023791
39,176753848118,165395817
39,178152300576,180596339
39,178464342641,197021796
39,178926282338,194269071
39,179014617814,180985437
39,179101806093,169237257
39,179186699943,158707599
39,179272741006,160244149
39,179359929288,161838630
39,179473512781,166733801
39,179815373424,166892075
39,180247873404,167655565
39,180336208954,157823619
39,180424544507,149095666
39,180508291213,140958707
39,180595479562,144713868
39,180681520703,148249634
39,180769856289,151468429
39,184344583235,146659875
39,184458157815,142577390
39,184546493598,135755216
39,184895247921,140285814
39,185183586869,158750087
39,189542635854,153031326
39,189629824692,144777410
39,189718160769,137805233
39,189806496837,131579578
39,191603047072,126257130
39,191708591583,123599988
39,191796927771,119149989
39,191878380609,125506240
39,191966716789,131067960
39,192229430939,125934465
39,192316619916,121067656
39,192400367237,116434199
39,192482967339,112129924
39,192570156333,119363683
39,194801507809,126068222
39,194888696919,121184694
39,194977033275,117161607
39,195091765076,116766406
39,195377414944,116420605
39,195489843043,115868029
39,195573590521,111884525
39,195658485226,108523959
39,195744527158,116333464
39,195831716317,123416781
39,195918905480,129739683
39,195945291690,127772222
39,196006094667,122800694
39,196032480860,118325607
39,196119670032,117659906
39,196144909001,116952417
39,196205711989,113083364
39,196233245426,113197943
39,196756380616,121048200
39,196842422603,116667175
39,198907431594,124208778
39,198996915360,119807680
39,199084104702,115831720
39,199172441256,112352755
39,199259630589,120183660
39,199373206182,130285702
39,199460395527,139124989
39,199462689976,132859365
39,199547584873,127126944
39,199549879321,122111076
39,199662316989,121222191
39,199918139662,127569417
39,200000000000,127569417
